{
    "loss": 9.163103103637695,
    "recall": 0.7312727570533752
}